<?xml version="1.0" encoding="UTF-8"?>
<!--
  When updating your version of GWT, you should also update this DTD reference,
  so that your app can take advantage of the latest GWT module capabilities.
-->
<!DOCTYPE module PUBLIC "-//Google Inc.//DTD Google Web Toolkit 2.6.0//EN"
  "http://google-web-toolkit.googlecode.com/svn/tags/2.6.0/distro-source/core/src/gwt-module.dtd">
<module rename-to='panalytics'>

  <!-- Inherit the core Web Toolkit stuff.                        -->
  <inherits name='com.google.gwt.user.User'/>

  <!-- Inherit the default GWT style sheet.  You can change       -->
  <!-- the theme of your GWT application by uncommenting          -->
  <!-- any one of the following lines.                            -->
  <inherits name='com.google.gwt.user.theme.clean.Clean'/>
  <!-- <inherits name='com.google.gwt.user.theme.standard.Standard'/> -->
  <!-- <inherits name='com.google.gwt.user.theme.chrome.Chrome'/> -->
  <!-- <inherits name='com.google.gwt.user.theme.dark.Dark'/>     -->
  
  <inherits name="com.smartclient.theme.enterpriseblue.EnterpriseBlue" />
  <inherits name="com.smartclient.theme.enterpriseblue.EnterpriseBlueResources" />
  
  <!-- Other module inherits                                      -->
 <inherits name="com.allen_sauer.gwt.log.gwt-log-DEBUG" />
 <inherits name="com.google.gwt.inject.Inject"/>
 <inherits name="com.google.gwt.place.Place"/>
 <inherits name="com.google.gwt.i18n.I18N"/> 
 <inherits name="com.smartgwt.SmartGwtNoTheme" />
 
   <inherits name="com.google.gwt.activity.Activity"/>
  <inherits name='net.customware.gwt.presenter.Presenter' />
  
  <!-- Specify the app entry point class.                         -->
  <entry-point class='com.analytics.client.Panalytics'/>

  <!-- Specify the paths for translatable code                    -->
  <source path='client'/>
  <source path='shared'/>
	 <!-- Locale Definition:English-->    
   <extend-property name="locale" values="en" />																
  <!-- allow Super Dev Mode -->
  <!-- <add-linker name="xsiframe"/>
  <set-configuration-property name='xsiframe.failIfScriptTag' value='FALSE'/> -->
</module>
