<?xml version="1.0" encoding="UTF-8"?>
<beans xmlns="http://www.springframework.org/schema/beans"
	xmlns:xsi="http://www.w3.org/2001/XMLSchema-instance" xmlns:p="http://www.springframework.org/schema/p"
	xmlns:context="http://www.springframework.org/schema/context"
	xmlns:cache="http://www.springframework.org/schema/cache"	
	xsi:schemaLocation="
		http://www.springframework.org/schema/beans http://www.springframework.org/schema/beans/spring-beans-3.0.xsd
		http://www.springframework.org/schema/context http://www.springframework.org/schema/context/spring-context-3.0.xsd
		http://www.springframework.org/schema/task http://www.springframework.org/schema/task/spring-task-3.0.xsd
		http://www.springframework.org/schema/cache http://www.springframework.org/schema/cache/spring-cache.xsd
		 ">

	<!-- Activate @Autowired -->
	<context:annotation-config />
	<context:component-scan base-package="com.analytics.server" />
	
	<!-- START EhCache Configuration -->
	<cache:annotation-driven cache-manager="cacheManager" proxy-target-class="true"/>
	
	<bean id="cacheManager" class="org.springframework.cache.support.CompositeCacheManager" p:fallbackToNoOpCache="true">
		<property name="cacheManagers">
			<list>
				<ref bean="ehCacheManager" />
			</list>
		</property>
		<!--<property name="fallbackToNoOpCache" value="true"/>-->
	</bean>
	
	<bean id="ehCacheManager" class="org.springframework.cache.ehcache.EhCacheCacheManager" p:cacheManager-ref="ehCache">
		<!-- <property name="configLocation" value="/WEB-INF/ehcache.xml" /> -->
	</bean>
	
	<bean id="ehCache" class="org.springframework.cache.ehcache.EhCacheManagerFactoryBean" p:config-location="/WEB-INF/cache_config/ehcache.xml" />
	<!-- END EhCache Configuration -->
	
	<!-- START Load application properties -->
	<bean id="propertyConfigurer"
		class="org.springframework.beans.factory.config.PropertyPlaceholderConfigurer">
		<property name="locations">
			<list>
				<value>/WEB-INF/props/mysqldb.properties</value>
				<value>/WEB-INF/props/mail.properties</value>
				<value>/WEB-INF/props/constants.properties</value>
			</list>
		</property>
	</bean>
	<!-- END Load application properties -->

	<!--  START DB connection info -->
	<bean id="dataSource" class="org.apache.commons.dbcp.BasicDataSource"
		destroy-method="close">
		<property name="driverClassName">
			<value>${jdbc.driverClassName}</value>
		</property>
		<property name="url">
			<value>${jdbc.url}</value>
		</property>
		<property name="username">
			<value>${jdbc.username}</value>
		</property>
		<property name="password">
			<value>${jdbc.password}</value>
		</property>
		<property name="poolPreparedStatements">
			<value type="java.lang.Boolean">${pool.poolPreparedStatements}</value>
		</property>
		<property name="initialSize">
			<value type="int">${pool.initialSize}</value>
		</property>
		<property name="maxActive">
			<value type="int">${pool.maxActive}</value>
		</property>
		<property name="maxIdle">
			<value type="int">${pool.maxIdle}</value>
		</property>
		<property name="validationQuery">
			<value>${pool.pingquery}</value>
		</property>

	</bean>

	<bean id="transactionManager"
		class="org.springframework.jdbc.datasource.DataSourceTransactionManager">
		<property name="dataSource">
			<ref local="dataSource" />
		</property>
	</bean>
	
	<bean id="sharedTransactionTemplate"
	      class="org.springframework.transaction.support.TransactionTemplate">
	    <property name="isolationLevelName" value="ISOLATION_READ_UNCOMMITTED"/>
	    <property name="timeout" value="30"/>
	    <property name="transactionManager" ref="transactionManager"/>
	</bean>
	<!--  END DB connection info -->

	<!--  START iBATIS config -->

	<bean id="sqlMapClient" class="org.springframework.orm.ibatis.SqlMapClientFactoryBean">
		<property name="dataSource" ref="dataSource" />
		<property name="configLocation" value="/WEB-INF/ibatis_config/SqlMapConfig.xml" />
	</bean>
	<bean id="sqlMapClientTemplate" class="org.springframework.orm.ibatis.SqlMapClientTemplate">
		<property name="sqlMapClient" ref="sqlMapClient" />
	</bean>

	<!--  END iBATIS config -->

	<!-- APP BEANS -->

	<bean
		class="org.springframework.web.context.support.ServletContextAttributeExporter">
		<property name="attributes">
			<map>
				<!--
					inject the following beans into the servlet context so that servlets
					can access them.
				-->
				<entry key="appmanager">
					<ref bean="appmanager" />
				</entry>
			</map>
		</property>
	</bean>

	<!-- <bean id="securerandom" class="java.security.SecureRandom" scope="singleton">
	</bean> -->

	<bean id="appproperties" class="java.util.ResourceBundle"
		factory-method="getBundle">
		<constructor-arg type="java.lang.String">
			<value>com.analytics.shared.properties.AppStrings</value>
		</constructor-arg>
	</bean>

	<bean id="appmanager" class="com.analytics.server.Manager"></bean>

	<bean id="apputils" class="com.analytics.server.Utils"></bean>
	
	<!-- <bean id="mailsender" class="org.springframework.mail.javamail.JavaMailSenderImpl">
		<property name="host">
			<value>${mail.host}</value>
		</property>
		<property name="port">
			<value>${mail.port}</value>
		</property>
		<property name="protocol">
			<value>${mail.protocol}</value>
		</property>
		<property name="username">
			<value>${mail.username}</value>
		</property>
		<property name="password">
			<value>${mail.password}</value>
		</property>
		<property name="javaMailProperties">
			<props>
				<prop key="mail.smtp.auth">${mail.smtps.auth}</prop>
				<prop key="mail.smtp.starttls.enable">${mail.smtps.starttls.enable}</prop>

				SSL
					<prop key="mail.smtp.host">${mail.host}</prop> <prop
					key="mail.smtp.port">${mail.port}</prop> <prop
					key="mail.smtp.socketFactory.class">${mail.smtp.seocketfactory.class}</prop>
					<prop key="mail.smtp.socketFactory.port">${mail.port}</prop>
				
			</props>
		</property>
	</bean> -->
<!-- 	<bean id="emailhelper" class="com.analytics.server.utils.EmailHelper"
		scope="singleton">
	</bean>
 -->
	<!--  START DAO config -->
<!-- 	<bean id="userdao" class="com.analytics.server.ibatis.dao.UserDAOImpl">
		<property name="sqlMapClientTemplate" ref="sqlMapClientTemplate" />
	</bean>
	<bean id="useradmindao" class="com.analytics.server.ibatis.dao.UserAdminDAOImpl">
		<property name="sqlMapClientTemplate" ref="sqlMapClientTemplate" />
	</bean>
	<bean id="blockdao" class="com.analytics.server.ibatis.dao.BlockDAOImpl">
		<property name="sqlMapClientTemplate" ref="sqlMapClientTemplate" />
	</bean>
	<bean id="citydao" class="com.analytics.server.ibatis.dao.CityDAOImpl">
		<property name="sqlMapClientTemplate" ref="sqlMapClientTemplate" />
	</bean>
	<bean id="houseunitdao" class="com.analytics.server.ibatis.dao.HouseUnitDAOImpl">
		<property name="sqlMapClientTemplate" ref="sqlMapClientTemplate" />
	</bean>
	<bean id="persondao" class="com.analytics.server.ibatis.dao.PersonDAOImpl">
		<property name="sqlMapClientTemplate" ref="sqlMapClientTemplate" />
	</bean>
	<bean id="waterbilldao" class="com.analytics.server.ibatis.dao.WaterBillDAOImpl">
		<property name="sqlMapClientTemplate" ref="sqlMapClientTemplate" />
	</bean>
	<bean id="waterbillstatusdao" class="com.analytics.server.ibatis.dao.WaterBillStatusDAOImpl">
		<property name="sqlMapClientTemplate" ref="sqlMapClientTemplate" />
	</bean>
	<bean id="waterchargedao" class="com.analytics.server.ibatis.dao.WaterChargeDAOImpl">
		<property name="sqlMapClientTemplate" ref="sqlMapClientTemplate" />
	</bean>
	<bean id="waterbillmaxdao" class="com.analytics.server.ibatis.dao.WaterBillMaxDAOImpl">
		<property name="sqlMapClientTemplate" ref="sqlMapClientTemplate" />
	</bean>
	<bean id="feedao" class="com.analytics.server.ibatis.dao.StandardChargeDAOImpl">
		<property name="sqlMapClientTemplate" ref="sqlMapClientTemplate" />
	</bean>
	<bean id="pstatusdao" class="com.analytics.server.ibatis.dao.PersonStatusDAOImpl">
		<property name="sqlMapClientTemplate" ref="sqlMapClientTemplate" />
	</bean> -->
	<!-- END DAO config -->
</beans>