<?xml version="1.0" encoding="UTF-8"?>
<beans:beans xmlns="http://www.springframework.org/schema/security"
	xmlns:beans="http://www.springframework.org/schema/beans" xmlns:xsi="http://www.w3.org/2001/XMLSchema-instance"
	xsi:schemaLocation="http://www.springframework.org/schema/beans
           http://www.springframework.org/schema/beans/spring-beans-3.0.xsd
           http://www.springframework.org/schema/security
           http://www.springframework.org/schema/security/spring-security-3.0.xsd">

	<!--
		Note: forcing eager session creation in
		HttpSessionContextIntegrationFilter to ensure that session cookie is
		set at the completion of the authenticate call.
	-->
	<http auto-config="true" entry-point-ref="http401UnauthorizedEntryPoint"
		create-session="always">
		<form-login authentication-success-handler-ref="authenticationSuccessHandler"
			authentication-failure-handler-ref="authenticationFailureHandler" />
		<logout success-handler-ref="logoutSuccessHandler"
			invalidate-session="true" />
		<!--<intercept-url pattern="/**" requires-channel="https"/>-->		
		<!-- <intercept-url pattern="/**/maji.rpc" access="${role.user}, ${role.user_admin}"/> -->

		<custom-filter before="CONCURRENT_SESSION_FILTER" ref="XSRFAttackFilter" />
		<!--<remember-me token-validity-seconds="864000"/>
  		-->
	</http>

	<beans:bean id="XSRFAttackFilter"
		class="com.maji.server.security.XSRFAttackFilter" />

	<!--
		Use this entry point to signal to the GWT-caller that the user needs
		to log in to access the resource
	-->
	<beans:bean id="http401UnauthorizedEntryPoint"
		class="com.maji.server.security.Http401UnauthorizedEntryPoint" />
	<beans:bean id="authenticationSuccessHandler"
		class="com.maji.server.security.MajiAuthenticationSuccessHandler" />
	<beans:bean id="authenticationFailureHandler"
		class="com.maji.server.security.MajiAuthenticationFailureHandler" />
	<beans:bean id="logoutSuccessHandler"
		class="com.maji.server.security.MajiLogoutSuccessHandler" />

	<authentication-manager>
		<!--
			<authentication-provider> <user-service> <user name="a" password="a"
			authorities="ROLE_USER, ROLE_ADMIN" /> <user name="b" password="b"
			authorities="ROLE_USER" /> </user-service> </authentication-provider>
		-->
		<authentication-provider ref="majiAuthenticationProvider" />
	</authentication-manager>

	<beans:bean id="majiAuthenticationProvider"
		class="com.maji.server.security.MajiAuthenticationProvider" />

	<!-- Secure all beans loaded into the ApplicationContext -->
	<global-method-security secured-annotations="enabled"
		jsr250-annotations="disabled" />

	<!-- Automatically receives AuthenticationEvent messages -->
	<beans:bean id="loggerListener"
		class="org.springframework.security.authentication.event.LoggerListener" />

</beans:beans>