<?xml version="1.0" encoding="UTF-8"?>
<!DOCTYPE sqlMap PUBLIC "-//ibatis.apache.org//DTD SQL Map 2.0//EN" "http://ibatis.apache.org/dtd/sql-map-2.dtd">
<sqlMap namespace="claim">
  <resultMap class="com.analytics.shared.ibatis.beans.Claim" id="ibatorgenerated_BaseResultMap">
    <!--
      WARNING - This element is automatically generated by Apache iBATIS ibator, do not modify.
      This element was generated on Sun Sep 21 21:04:56 EAT 2014.
    -->
    <result column="claimid" jdbcType="INTEGER" property="claimid" />
    <result column="amount" jdbcType="DOUBLE" property="amount" />
  </resultMap>
  <resultMap class="com.analytics.shared.ibatis.beans.Claim" extends="claim.ibatorgenerated_BaseResultMap" id="ibatorgenerated_ResultMapWithBLOBs">
    <!--
      WARNING - This element is automatically generated by Apache iBATIS ibator, do not modify.
      This element was generated on Sun Sep 21 21:04:56 EAT 2014.
    -->
    <result column="fraudulent" jdbcType="LONGVARBINARY" property="fraudulent" />
  </resultMap>
  <sql id="ibatorgenerated_Example_Where_Clause">
    <!--
      WARNING - This element is automatically generated by Apache iBATIS ibator, do not modify.
      This element was generated on Sun Sep 21 21:04:56 EAT 2014.
    -->
    <iterate conjunction="or" prepend="where" property="oredCriteria" removeFirstPrepend="iterate">
      <isEqual compareValue="true" property="oredCriteria[].valid">
        (
        <iterate conjunction="and" prepend="and" property="oredCriteria[].criteriaWithoutValue">
          $oredCriteria[].criteriaWithoutValue[]$
        </iterate>
        <iterate conjunction="and" prepend="and" property="oredCriteria[].criteriaWithSingleValue">
          $oredCriteria[].criteriaWithSingleValue[].condition$
            #oredCriteria[].criteriaWithSingleValue[].value#
        </iterate>
        <iterate conjunction="and" prepend="and" property="oredCriteria[].criteriaWithListValue">
          $oredCriteria[].criteriaWithListValue[].condition$
          <iterate close=")" conjunction="," open="(" property="oredCriteria[].criteriaWithListValue[].values">
            #oredCriteria[].criteriaWithListValue[].values[]#
          </iterate>
        </iterate>
        <iterate conjunction="and" prepend="and" property="oredCriteria[].criteriaWithBetweenValue">
          $oredCriteria[].criteriaWithBetweenValue[].condition$
          #oredCriteria[].criteriaWithBetweenValue[].values[0]# and
          #oredCriteria[].criteriaWithBetweenValue[].values[1]#
        </iterate>
        )
      </isEqual>
    </iterate>
  </sql>
  <select id="ibatorgenerated_selectByExampleWithBLOBs" parameterClass="com.analytics.shared.ibatis.beans.ClaimExample" resultMap="ibatorgenerated_ResultMapWithBLOBs">
    <!--
      WARNING - This element is automatically generated by Apache iBATIS ibator, do not modify.
      This element was generated on Sun Sep 21 21:04:56 EAT 2014.
    -->
    select claimid, amount, fraudulent
    from claim
    <isParameterPresent>
      <include refid="claim.ibatorgenerated_Example_Where_Clause" />
      <isNotNull property="orderByClause">
        order by $orderByClause$
      </isNotNull>
    </isParameterPresent>
  </select>
  <select id="ibatorgenerated_selectByExample" parameterClass="com.analytics.shared.ibatis.beans.ClaimExample" resultMap="ibatorgenerated_BaseResultMap">
    <!--
      WARNING - This element is automatically generated by Apache iBATIS ibator, do not modify.
      This element was generated on Sun Sep 21 21:04:56 EAT 2014.
    -->
    select claimid, amount
    from claim
    <isParameterPresent>
      <include refid="claim.ibatorgenerated_Example_Where_Clause" />
      <isNotNull property="orderByClause">
        order by $orderByClause$
      </isNotNull>
    </isParameterPresent>
  </select>
  <select id="ibatorgenerated_selectByPrimaryKey" parameterClass="com.analytics.shared.ibatis.beans.Claim" resultMap="ibatorgenerated_ResultMapWithBLOBs">
    <!--
      WARNING - This element is automatically generated by Apache iBATIS ibator, do not modify.
      This element was generated on Sun Sep 21 21:04:56 EAT 2014.
    -->
    select claimid, amount, fraudulent
    from claim
    where claimid = #claimid:INTEGER#
  </select>
  <delete id="ibatorgenerated_deleteByPrimaryKey" parameterClass="com.analytics.shared.ibatis.beans.Claim">
    <!--
      WARNING - This element is automatically generated by Apache iBATIS ibator, do not modify.
      This element was generated on Sun Sep 21 21:04:56 EAT 2014.
    -->
    delete from claim
    where claimid = #claimid:INTEGER#
  </delete>
  <delete id="ibatorgenerated_deleteByExample" parameterClass="com.analytics.shared.ibatis.beans.ClaimExample">
    <!--
      WARNING - This element is automatically generated by Apache iBATIS ibator, do not modify.
      This element was generated on Sun Sep 21 21:04:56 EAT 2014.
    -->
    delete from claim
    <include refid="claim.ibatorgenerated_Example_Where_Clause" />
  </delete>
  <insert id="ibatorgenerated_insert" parameterClass="com.analytics.shared.ibatis.beans.Claim">
    <!--
      WARNING - This element is automatically generated by Apache iBATIS ibator, do not modify.
      This element was generated on Sun Sep 21 21:04:56 EAT 2014.
    -->
    insert into claim (claimid, amount, fraudulent)
    values (#claimid:INTEGER#, #amount:DOUBLE#, #fraudulent:LONGVARBINARY#)
  </insert>
  <insert id="ibatorgenerated_insertSelective" parameterClass="com.analytics.shared.ibatis.beans.Claim">
    <!--
      WARNING - This element is automatically generated by Apache iBATIS ibator, do not modify.
      This element was generated on Sun Sep 21 21:04:56 EAT 2014.
    -->
    insert into claim
    <dynamic prepend="(">
      <isNotNull prepend="," property="claimid">
        claimid
      </isNotNull>
      <isNotNull prepend="," property="amount">
        amount
      </isNotNull>
      <isNotNull prepend="," property="fraudulent">
        fraudulent
      </isNotNull>
      )
    </dynamic>
    values
    <dynamic prepend="(">
      <isNotNull prepend="," property="claimid">
        #claimid:INTEGER#
      </isNotNull>
      <isNotNull prepend="," property="amount">
        #amount:DOUBLE#
      </isNotNull>
      <isNotNull prepend="," property="fraudulent">
        #fraudulent:LONGVARBINARY#
      </isNotNull>
      )
    </dynamic>
  </insert>
  <select id="ibatorgenerated_countByExample" parameterClass="com.analytics.shared.ibatis.beans.ClaimExample" resultClass="java.lang.Integer">
    <!--
      WARNING - This element is automatically generated by Apache iBATIS ibator, do not modify.
      This element was generated on Sun Sep 21 21:04:56 EAT 2014.
    -->
    select count(*) from claim
    <include refid="claim.ibatorgenerated_Example_Where_Clause" />
  </select>
  <update id="ibatorgenerated_updateByExampleSelective">
    <!--
      WARNING - This element is automatically generated by Apache iBATIS ibator, do not modify.
      This element was generated on Sun Sep 21 21:04:56 EAT 2014.
    -->
    update claim
    <dynamic prepend="set">
      <isNotNull prepend="," property="record.claimid">
        claimid = #record.claimid:INTEGER#
      </isNotNull>
      <isNotNull prepend="," property="record.amount">
        amount = #record.amount:DOUBLE#
      </isNotNull>
      <isNotNull prepend="," property="record.fraudulent">
        fraudulent = #record.fraudulent:LONGVARBINARY#
      </isNotNull>
    </dynamic>
    <isParameterPresent>
      <include refid="claim.ibatorgenerated_Example_Where_Clause" />
    </isParameterPresent>
  </update>
  <update id="ibatorgenerated_updateByExampleWithBLOBs">
    <!--
      WARNING - This element is automatically generated by Apache iBATIS ibator, do not modify.
      This element was generated on Sun Sep 21 21:04:56 EAT 2014.
    -->
    update claim
    set claimid = #record.claimid:INTEGER#,
      amount = #record.amount:DOUBLE#,
      fraudulent = #record.fraudulent:LONGVARBINARY#
    <isParameterPresent>
      <include refid="claim.ibatorgenerated_Example_Where_Clause" />
    </isParameterPresent>
  </update>
  <update id="ibatorgenerated_updateByExample">
    <!--
      WARNING - This element is automatically generated by Apache iBATIS ibator, do not modify.
      This element was generated on Sun Sep 21 21:04:56 EAT 2014.
    -->
    update claim
    set claimid = #record.claimid:INTEGER#,
      amount = #record.amount:DOUBLE#
    <isParameterPresent>
      <include refid="claim.ibatorgenerated_Example_Where_Clause" />
    </isParameterPresent>
  </update>
  <update id="ibatorgenerated_updateByPrimaryKeySelective" parameterClass="com.analytics.shared.ibatis.beans.Claim">
    <!--
      WARNING - This element is automatically generated by Apache iBATIS ibator, do not modify.
      This element was generated on Sun Sep 21 21:04:56 EAT 2014.
    -->
    update claim
    <dynamic prepend="set">
      <isNotNull prepend="," property="amount">
        amount = #amount:DOUBLE#
      </isNotNull>
      <isNotNull prepend="," property="fraudulent">
        fraudulent = #fraudulent:LONGVARBINARY#
      </isNotNull>
    </dynamic>
    where claimid = #claimid:INTEGER#
  </update>
  <update id="ibatorgenerated_updateByPrimaryKeyWithBLOBs" parameterClass="com.analytics.shared.ibatis.beans.Claim">
    <!--
      WARNING - This element is automatically generated by Apache iBATIS ibator, do not modify.
      This element was generated on Sun Sep 21 21:04:56 EAT 2014.
    -->
    update claim
    set amount = #amount:DOUBLE#,
      fraudulent = #fraudulent:LONGVARBINARY#
    where claimid = #claimid:INTEGER#
  </update>
  <update id="ibatorgenerated_updateByPrimaryKey" parameterClass="com.analytics.shared.ibatis.beans.Claim">
    <!--
      WARNING - This element is automatically generated by Apache iBATIS ibator, do not modify.
      This element was generated on Sun Sep 21 21:04:56 EAT 2014.
    -->
    update claim
    set amount = #amount:DOUBLE#
    where claimid = #claimid:INTEGER#
  </update>
</sqlMap>