<?xml version="1.0" encoding="UTF-8"?>
<!--
CacheManager Configuration
-->
<ehcache xmlns:xsi="http://www.w3.org/2001/XMLSchema-instance"
         xsi:noNamespaceSchemaLocation="ehcache.xsd"
         updateCheck="true" monitoring="autodetect"
         dynamicConfig="true">

    <!--
    DiskStore configuration
    -->
    <diskStore path="java.io.tmpdir"/>

    <!--
    TransactionManagerLookup configuration
    -->

    <transactionManagerLookup class="net.sf.ehcache.transaction.manager.DefaultTransactionManagerLookup"
                              properties="jndiName=java:/TransactionManager" propertySeparator=";"/>

    <!--
    CacheManagerEventListener
    -->
    <cacheManagerEventListenerFactory class="" properties=""/>

    <!--
    TerracottaConfig
    ========================
    (Enable for Terracotta clustered operation)	
	-->
    <terracottaConfig url="localhost:9510"/>

    <!--
    Cache configuration    
    -->

    <!--
    Default Cache configuration. These settings will be applied to caches
    created programmatically using CacheManager.add(String cacheName).
    This element is optional, and using CacheManager.add(String cacheName) when
    its not present will throw CacheException

    The defaultCache has an implicit name "default" which is a reserved cache name.
    -->
    <defaultCache
           maxEntriesLocalHeap="0"
           eternal="false"
           overflowToDisk="true"
           timeToIdleSeconds="1200"
           timeToLiveSeconds="1200">
      <!--<terracotta/>-->
    </defaultCache>

    <!--
    Sample caches. Following are some example caches. Remove these before use.
    -->

    <!--
    Sample cache named sampleCache1
    This cache contains a maximum in memory of 10000 elements, and will expire
    an element if it is idle for more than 5 minutes and lives for more than
    10 minutes.

    If there are more than 10000 elements it will overflow to the
    disk cache, which in this configuration will go to wherever java.io.tmp is
    defined on your system. On a standard Linux system this will be /tmp"
    -->
    <cache name="userServicesCache"
           maxEntriesLocalHeap="10000"
           maxEntriesLocalDisk="1000"
           eternal="false"
           overflowToDisk="true"
           diskSpoolBufferSizeMB="20"
           timeToIdleSeconds="300"
           timeToLiveSeconds="600"
           memoryStoreEvictionPolicy="LFU"
           transactionalMode="off"
            />

    <!--
    Sample cache named sampleCache3. This cache overflows to disk. The disk store is
    persistent between cache and VM restarts. Cache is eternal.
    -->
    <cache name="constantsCache"
           maxEntriesLocalHeap="500"
		   maxEntriesLocalDisk="1000"
           eternal="false"
           overflowToDisk="true"
           diskPersistent="true"
           diskExpiryThreadIntervalSeconds="1"
           memoryStoreEvictionPolicy="FIFO"
            />   
</ehcache>
